{
  "emb_dim": 1050,
  "layer_num": 8,
  "qubit_num": 3,
  "num_node_features": 8,
  "drop_ratio": 0.0644893118913786,
  "batch_size": 128,
  "epochs": 100,
  "lr": 4.540520885756229e-05,
  "decay": 1.917208797826118e-06,
  "JK": "mean",
  "graph_pooling": "attention",
  "metric": "spearman",
  "seed": 42,
  "runseed": 42,
  "num_workers": 7
}