{
  "emb_dim": 1200,
  "layer_num": 8,
  "qubit_num": 3,
  "drop_ratio": 0.012714767230404513,
  "batch_size": 32,
  "num_node_features": 7,
  "epochs": 3,
  "lr": 0.00042048670814195114,
  "decay": 1.2239395743425164e-06,
  "JK": "mean",
  "graph_pooling": "max",
  "metric": "spearman",
  "seed": 42,
  "runseed": 42,
  "num_workers": 7
}
